Date,Forecast,Rolling Average,Real Values
2012-07-02,100.87165,,30.77
2012-07-03,100.88327,,31.200001
2012-07-05,100.83109,,31.469999
2012-07-06,100.79917,,31.73
2012-07-09,100.685814,,32.169998
2012-07-10,100.73232,,31.469999
2012-07-11,100.72952,,30.969999
2012-07-12,100.808846,,30.809999
2012-07-13,100.950165,,30.719999
2012-07-16,100.61738,,28.25
2012-07-17,100.68647,,28.09
2012-07-18,100.79181,,29.110001
2012-07-19,100.8095,,29.0
2012-07-20,100.87054,,28.76
2012-07-23,100.90071,,28.75
2012-07-24,100.84273,,28.450001
2012-07-25,100.7625,,29.34
2012-07-26,101.12008,,26.85
2012-07-27,101.828316,,23.709999
2012-07-30,100.80704,,23.15
2012-07-31,101.18021,,21.709999
2012-08-01,100.86539,,20.879999
2012-08-02,101.114784,,20.040001
2012-08-03,101.46683,,21.09
2012-08-06,100.67053,,21.92
2012-08-07,100.718124,,20.719999
2012-08-08,100.74472,,20.719999
2012-08-09,100.9424,,21.01
2012-08-10,100.73011,,21.809999
2012-08-13,100.7209,100.882763671875,21.6
2012-08-14,100.71224,100.87745005289713,20.379999
2012-08-15,100.98027,100.88068339029948,21.200001
2012-08-16,101.89138,100.91602630615235,19.870001
2012-08-17,101.89547,100.95256958007812,19.049999
2012-08-20,101.72742,100.98728968302409,20.01
2012-08-21,101.503,101.0129788716634,19.16
2012-08-22,101.10536,101.02550684611002,19.440001
2012-08-23,100.736885,101.0231081644694,19.440001
2012-08-24,100.897285,101.02134552001954,19.41
2012-08-27,101.01937,101.03474527994791,19.15
2012-08-28,100.74583,101.03672383626302,19.34
2012-08-29,100.89413,101.04013442993164,19.1
2012-08-30,100.79655,101.03970260620117,19.09
2012-08-31,101.09987,101.04734700520834,18.059999
2012-09-04,100.938515,101.04860712687174,17.73
2012-09-05,101.16797,101.05944849650065,18.58
2012-09-06,101.03304,101.06846669514974,18.959999
2012-09-07,100.721664,101.0551862080892,18.98
2012-09-10,100.773674,101.0200314839681,18.809999
2012-09-11,101.045074,101.0279660542806,19.43
2012-09-12,101.84893,101.05025685628256,20.93
2012-09-13,101.272835,101.06383845011393,20.709999
2012-09-14,101.35908,101.0719815572103,22.0
2012-09-17,100.92316,101.05385920206706,21.52
2012-09-18,100.71589,101.05537109375,21.870001
2012-09-19,101.47877,101.0807258605957,23.290001
2012-09-20,101.04272,101.09065907796224,22.59
2012-09-21,100.928154,101.09018427530924,22.860001
2012-09-24,101.4396,101.11383387247722,20.790001
2012-09-25,100.98022,101.12247772216797,20.280001
2012-09-26,100.7615,101.12411956787109,20.620001
2012-09-27,100.66043,101.11345825195312,20.32
2012-09-28,101.22681,101.09130579630533,21.66
2012-10-01,100.94322,101.05956420898437,21.99
2012-10-02,100.69807,101.02525253295899,22.27
2012-10-03,100.643265,100.99659474690755,21.83
2012-10-04,100.92294,100.99051411946614,21.950001
2012-10-05,100.749794,100.9909444173177,20.91
2012-10-08,100.67751,100.9836186726888,20.4
2012-10-09,100.72361,100.97375996907552,20.23
2012-10-10,100.78891,100.97519607543946,19.639999
2012-10-11,100.820755,100.97275034586589,19.75
2012-10-12,100.865204,100.97503890991212,19.52
2012-10-15,100.85533,100.96688766479492,19.52
2012-10-16,100.78539,100.96178359985352,19.48
2012-10-17,100.80623,100.94972559611003,19.879999
2012-10-18,100.96121,100.94733123779297,18.98
2012-10-19,100.71046,100.94695765177408,19.0
2012-10-22,100.793526,100.9476193745931,19.32
2012-10-23,101.45887,100.96141255696615,19.5
2012-10-24,102.401184,100.9798210144043,23.23
2012-10-25,101.40848,100.98434244791666,22.559999
2012-10-26,101.33412,100.9835105895996,21.940001
2012-10-31,101.66693,101.00830307006837,21.110001
2012-11-01,100.79786,101.01103541056315,21.209999
2012-11-02,100.88209,100.99114608764648,21.18
2012-11-05,100.65994,100.97838694254557,21.25
2012-11-06,100.67213,100.96985270182292,21.17
2012-11-07,100.66233,100.94394378662109,20.469999
2012-11-08,100.65153,100.93298746744792,19.99
2012-11-09,100.81875,100.93489583333333,19.209999
2012-11-12,101.28472,100.95570551554361,20.07
2012-11-13,101.35858,100.96009801228841,19.860001
2012-11-14,102.41562,101.00917790730794,22.360001
2012-11-15,101.46989,101.03490524291992,22.17
2012-11-16,101.74431,101.07160669962565,23.559999
2012-11-19,101.52074,101.09153315226237,22.92
2012-11-20,100.890854,101.09623514811197,23.1
2012-11-21,101.58665,101.12653961181641,24.32
2012-11-23,100.79129,101.1287956237793,24.0
2012-11-26,101.82195,101.1632303873698,25.940001
2012-11-27,101.53166,101.18692728678386,26.15
2012-11-28,100.86103,101.18678817749023,26.360001
2012-11-29,101.573,101.21071039835611,27.32
2012-11-30,101.79995,101.24452896118164,28.0
2012-12-03,101.77855,101.276939646403,27.040001
2012-12-04,101.30413,101.28837025960287,27.459999
2012-12-05,101.127464,101.3022705078125,27.709999
2012-12-06,100.756134,101.30102411905925,26.969999
2012-12-07,100.89891,101.28235880533855,27.49
2012-12-10,100.91,101.23265279134115,27.84
2012-12-11,101.35688,101.23093287150066,27.98
2012-12-12,100.772766,101.2122210184733,27.58
2012-12-13,101.457245,101.20523147583008,28.24
2012-12-14,101.52077,101.22932840983073,26.809999
2012-12-17,101.00511,101.23342920939128,26.75
2012-12-18,101.10502,101.24826507568359,27.709999
2012-12-19,101.093636,101.26231536865234,27.41
2012-12-20,100.74369,101.26502736409505,27.360001
2012-12-21,100.954346,101.27512130737304,26.26
2012-12-24,100.688,101.27076314290365,26.93
2012-12-26,100.663345,101.25005060831705,26.51
2012-12-27,100.997185,101.23800404866536,26.049999
2012-12-28,100.97058,101.18983612060546,25.91
2012-12-31,101.042725,101.1755973815918,26.620001
2013-01-02,101.22131,101.1581642150879,28.0
2013-01-03,101.11006,101.14447504679362,27.77
2013-01-04,101.40464,101.16160125732422,28.76
2013-01-07,101.52144,101.15942764282227,29.42
2013-01-08,100.778885,101.15901412963868,29.059999
2013-01-09,101.67574,101.15414047241211,30.59
2013-01-10,101.55871,101.15504201253255,31.299999
2013-01-11,101.52225,101.17708257039388,31.719999
2013-01-14,101.56949,101.1769655863444,30.950001
2013-01-15,101.666954,101.17253239949544,30.1
2013-01-16,101.335075,101.15774993896484,29.85
2013-01-17,100.743164,101.1390510559082,30.139999
2013-01-18,100.84051,101.12948582967122,29.66
2013-01-22,100.90033,101.13429234822591,30.73
2013-01-23,100.79579,101.13085505167643,30.82
2013-01-24,100.75714,101.12575963338216,31.08
2013-01-25,101.08485,101.11669184366862,31.540001
2013-01-28,101.15247,101.12934875488281,32.470001
2013-01-29,101.20949,101.12109018961588,30.790001
2013-01-30,101.48254,101.11981582641602,31.24
2013-01-31,101.8699,101.1486422220866,30.98
2013-02-01,101.41428,101.15895105997721,29.73
2013-02-04,101.524956,101.1733283996582,28.110001
2013-02-05,100.9011,101.17857538859049,28.639999
2013-02-06,100.67649,101.16931355794271,29.049999
2013-02-07,100.66394,101.16851145426432,28.65
2013-02-08,100.63766,101.16765518188477,28.549999
2013-02-11,100.677086,101.15698521931967,28.26
2013-02-12,101.53017,101.17563807169596,27.370001
2013-02-13,100.93343,101.17199503580729,27.91
2013-02-14,100.6322,101.15235799153646,28.5
2013-02-15,100.66182,101.13741658528646,28.32
2013-02-19,100.85636,101.119140625,28.93
2013-02-20,100.710976,101.092125193278,28.459999
2013-02-21,100.81683,101.09339014689128,27.280001
2013-02-22,100.686066,101.0604008992513,27.129999
2013-02-25,100.726845,101.03267211914063,27.27
2013-02-26,100.59831,101.00187428792317,27.389999
2013-02-27,100.80535,100.9764030456543,26.870001
2013-02-28,101.59436,100.97398325602214,27.25
2013-03-01,100.918976,100.96011327107747,27.780001
2013-03-04,100.6855,100.9581911722819,27.719999
2013-03-05,100.69877,100.95346654256186,27.52
2013-03-06,100.66744,100.94570363362631,27.450001
2013-03-07,101.30519,100.96268361409506,28.58
2013-03-08,100.79104,100.96381352742513,27.959999
2013-03-11,100.62215,100.94839019775391,28.139999
2013-03-12,100.67268,100.93239720662434,27.83
2013-03-13,100.68966,100.91506958007812,27.08
2013-03-14,100.67556,100.88817036946615,27.040001
2013-03-15,100.73903,100.85047454833985,26.65
2013-03-18,100.68771,100.8262555440267,26.49
2013-03-19,100.63026,100.79643224080404,26.549999
2013-03-20,100.74588,100.7912582397461,25.860001
2013-03-21,100.66522,100.790882619222,25.74
2013-03-22,100.91882,100.799378712972,25.73
2013-03-25,100.715515,100.80197397867839,25.129999
2013-03-26,100.64477,100.80089670817057,25.209999
2013-03-27,100.89217,100.77963027954101,26.09
2013-03-28,100.64203,100.76991678873698,25.58
2013-04-01,100.696754,100.77206853230794,25.530001
2013-04-02,100.67433,100.77248560587564,25.42
2013-04-03,100.9292,100.77491353352865,26.25
2013-04-04,101.42885,100.79884262084961,27.07
2013-04-05,101.15751,100.81019846598308,27.389999
2013-04-08,100.608154,100.80760142008464,26.85
2013-04-09,100.689384,100.80635274251303,26.59
2013-04-10,100.868126,100.8153465270996,27.57
2013-04-11,100.67353,100.8109525044759,28.02
2013-04-12,100.602356,100.77788569132487,27.4
2013-04-15,100.60483,100.76741409301758,26.52
2013-04-16,100.6805,100.76724726359049,26.92
2013-04-17,100.66359,100.76607462565104,26.629999
2013-04-18,100.89961,100.7738136291504,25.690001
2013-04-19,100.762985,100.75574010213217,25.73
2013-04-22,100.774734,100.75519663492838,25.969999
2013-04-23,100.65078,100.75615107218424,25.98
2013-04-24,100.76828,100.7593376159668,26.110001
2013-04-25,100.819435,100.76366348266602,26.139999
2013-04-26,100.64305,100.76257985432943,26.85
2013-04-29,100.65539,100.75979181925456,26.98
2013-04-30,100.71445,100.7606829325358,27.77
2013-05-01,101.117,100.77690760294597,27.43
2013-05-02,101.73095,100.8097432454427,28.969999
2013-05-03,100.98995,100.8205675760905,28.309999
2013-05-06,100.726425,100.81415430704753,27.57
2013-05-07,100.723404,100.81441726684571,26.889999
2013-05-08,100.71314,100.81669642130534,27.120001
2013-05-09,100.72011,100.8109608968099,27.040001
2013-05-10,100.64793,100.81115748087565,26.68
2013-05-13,100.59501,100.80776596069336,26.82
2013-05-14,100.61769,100.80587793986003,27.07
2013-05-15,100.77138,100.80061721801758,26.6
2013-05-16,100.65067,100.77467803955078,26.129999
2013-05-17,100.66218,100.75816701253255,26.25
2013-05-20,100.916214,100.76843566894532,25.76
2013-05-21,100.65577,100.76731516520182,25.66
2013-05-22,100.777016,100.76427815755208,25.16
2013-05-23,100.72455,100.7659787495931,25.059999
2013-05-24,101.01253,100.7796511332194,24.309999
2013-05-28,100.901146,100.7895284016927,24.1
2013-05-29,101.13254,100.80459645589193,23.32
2013-05-30,101.072586,100.81822967529297,24.549999
2013-05-31,100.66722,100.81048329671223,24.35
2013-06-03,100.86752,100.81396789550782,23.85
2013-06-04,100.658966,100.8101089477539,23.52
2013-06-05,100.98907,100.82138519287109,22.9
2013-06-06,100.6686,100.81806259155273,22.969999
2013-06-07,100.6786,100.81336797078451,23.290001
2013-06-10,101.03001,100.82626647949219,24.33
2013-06-11,100.644005,100.82588704427083,24.030001
2013-06-12,100.6592,100.82404556274415,23.77
2013-06-13,100.65578,100.80867156982421,23.73
2013-06-14,100.67952,100.77362391153972,23.629999
2013-06-17,100.65567,100.76248118082682,24.02
2013-06-18,100.66731,100.76051076253255,24.209999
2013-06-19,100.666855,100.75862579345703,24.309999
2013-06-20,100.74024,100.75952911376953,23.9
2013-06-21,100.8773,100.76476872762045,24.530001
2013-06-24,100.69881,100.76646474202474,23.940001
2013-06-25,100.82803,100.774232228597,24.25
2013-06-26,100.71955,100.77762756347656,24.16
2013-06-27,100.644066,100.77338383992513,24.66
2013-06-28,101.619995,100.80569458007812,24.879999
2013-07-01,100.75016,100.80862731933594,24.809999
2013-07-02,100.75895,100.80338516235352,24.41
2013-07-03,100.92132,100.81223678588867,24.52
2013-07-05,100.83772,100.8142603556315,24.370001
2013-07-08,100.63753,100.81135965983073,24.709999
2013-07-09,100.607414,100.79785588582357,25.48
2013-07-10,100.646225,100.78935852050782,25.799999
2013-07-11,100.63376,100.77273254394531,25.809999
2013-07-12,100.80599,100.76384607950847,25.91
2013-07-15,100.69659,100.76482493082682,26.280001
2013-07-16,100.68552,100.75875803629557,26.32
2013-07-17,100.69657,100.76001154581705,26.65
2013-07-18,100.62891,100.74800618489583,26.18
2013-07-19,100.76959,100.75137252807617,25.879999
2013-07-22,100.656006,100.75061950683593,26.049999
2013-07-23,100.62901,100.73725306193033,26.129999
2013-07-24,101.42237,100.76319859822591,26.51
2013-07-25,103.54771,100.85948206583659,34.360001000000004
2013-07-26,101.96246,100.9030382792155,34.009998
2013-07-29,101.74462,100.93854166666667,35.43
2013-07-30,101.6589,100.97198257446288,37.630001
2013-07-31,101.59694,101.00297012329102,36.799999
2013-08-01,101.59533,101.03391927083334,37.490002
2013-08-02,101.233215,101.05035171508788,38.049999
2013-08-05,101.35141,101.06615549723307,39.189999
2013-08-06,101.10173,101.07958628336588,38.549999
2013-08-07,101.0904,101.08833185831706,38.869999
2013-08-08,100.61885,101.08497517903646,38.540001
2013-08-09,100.6781,101.08610967000325,38.5
2013-08-12,100.557846,101.05070470174154,38.220001
2013-08-13,101.02054,101.05971730550131,37.02
2013-08-14,100.76486,101.05991439819336,36.650002
2013-08-15,100.94451,101.06068751017253,36.560001
2013-08-16,100.701324,101.0561408996582,37.080002
2013-08-19,100.88855,101.06450831095377,37.810001
2013-08-20,100.90501,101.07442804972331,38.41
2013-08-21,100.68862,101.07584126790364,38.32
2013-08-22,100.65553,101.07656707763672,38.549999
2013-08-23,101.40986,101.09669596354166,40.549999
2013-08-26,101.48362,101.12293039957682,41.34
2013-08-27,101.10404,101.13688125610352,39.639999
2013-08-28,100.91324,101.14410349527995,40.549999
2013-08-29,100.96983,101.1554677327474,41.279999
2013-08-30,101.082306,101.16589152018229,41.290001
2013-09-03,100.84596,101.17222340901692,41.869999
2013-09-04,100.58702,101.17082366943359,41.779999
2013-09-05,100.753914,101.14854176839192,42.66
2013-09-06,101.6167,101.08417485555013,43.950001
2013-09-09,101.117905,101.05602289835612,44.040001
2013-09-10,100.74845,101.0228172302246,43.599998
2013-09-11,101.11552,101.00470453898112,45.040001
2013-09-12,101.00749,100.98505630493165,44.75
2013-09-13,100.731064,100.9562474568685,44.310001
2013-09-16,101.027756,100.94939880371093,42.509998
2013-09-17,101.4395,100.95233510335287,45.07
2013-09-18,101.21653,100.95616175333659,45.23
2013-09-19,100.940895,100.95117823282878,45.98
2013-09-20,101.58402,100.9833506266276,47.490002
2013-09-23,101.10723,100.99765497843424,47.189999
2013-09-24,101.52169,101.02978312174479,48.450001
2013-09-25,101.299576,101.039084370931,49.459999
2013-09-26,101.44922,101.06189626057943,50.389999
2013-09-27,101.24327,101.07185490926106,51.240002
2013-09-30,101.454254,101.09695256551107,50.23
2013-10-01,101.445816,101.11552810668945,50.419998
2013-10-02,100.910515,101.1157117207845,50.279999
2013-10-03,101.118515,101.13004150390626,49.18
2013-10-04,101.13719,101.1460968017578,51.040001
2013-10-07,100.83917,101.12707392374675,50.52
2013-10-08,101.52946,101.1286018371582,47.139999
2013-10-09,101.48724,101.14137522379558,46.77
2013-10-10,101.45039,101.1592803955078,49.049999
2013-10-11,100.80727,101.15386149088542,49.110001
2013-10-14,101.01112,101.1514887491862,49.509998
2013-10-15,101.176445,101.16250483194987,49.5
2013-10-16,100.94165,101.17432581583658,51.139999
2013-10-17,101.01715,101.18310038248698,52.209999
2013-10-18,101.24483,101.1707046508789,54.220001
2013-10-21,100.733826,101.15790201822917,53.849998
2013-10-22,101.13431,101.1707639058431,52.68
2013-10-23,100.75992,101.15891062418619,51.900002
2013-10-24,100.638626,101.14661509195963,52.450001
2013-10-25,100.63281,101.14334004720052,51.950001
2013-10-28,101.01509,101.14291788736979,50.23
2013-10-29,101.49519,101.1447743733724,49.400002
2013-10-30,101.48539,101.1537363688151,49.009998
2013-10-31,102.760574,101.2143923441569,50.209999
2013-11-01,101.387566,101.20784378051758,49.75
2013-11-04,101.13531,101.2087796529134,48.220001
2013-11-05,101.36982,101.20371729532877,50.110001
2013-11-06,101.023674,101.19452056884765,49.119999
2013-11-07,101.4806,101.1955665588379,47.560001
2013-11-08,101.03908,101.1887601216634,47.529999
2013-11-11,101.305275,101.18379414876303,46.200001
2013-11-12,101.02584,101.16979497273763,46.610001
2013-11-13,101.08558,101.17563044230143,48.709999
2013-11-14,101.04863,101.1733009338379,48.990002
2013-11-15,100.46929,101.15103759765626,49.009998
2013-11-18,101.23724,101.164306640625,45.830002
2013-11-19,101.08922,101.14963200887044,46.360001
2013-11-20,100.79787,101.12665278116862,46.43
2013-11-21,100.462395,101.09371948242188,46.700001
2013-11-22,100.53408,101.08461329142253,46.23
2013-11-25,101.22153,101.09162673950195,44.82
2013-11-26,101.22617,101.09328435262044,45.889999
2013-11-27,100.579384,101.08120880126953,46.490002
2013-11-29,100.56346,101.06608581542969,47.009998
2013-12-02,100.66739,101.04683787027994,47.060001
2013-12-03,100.42607,101.03657938639323,46.73
2013-12-04,100.90367,101.02889149983724,48.619999
2013-12-05,100.56859,101.02251383463542,48.34
2013-12-06,100.47456,101.01704508463541,47.939999
2013-12-09,100.45422,101.01109212239584,48.84
2013-12-10,101.102104,101.01399256388346,50.25
2013-12-11,101.009415,100.99779993693033,49.380001
2013-12-12,101.32539,100.99246673583984,51.830002
2013-12-13,101.16524,100.93928883870443,53.32
2013-12-16,101.22066,100.93372522989908,53.810001
2013-12-17,101.03661,100.93043543497721,54.860001
2013-12-18,101.059296,100.92008463541667,55.57
2013-12-19,101.25093,100.92765986124674,55.049999
2013-12-20,102.43769,100.95956293741862,55.119999
2013-12-23,101.3666,100.9704803466797,57.77
2013-12-24,100.50423,100.94377873738607,57.959999
2013-12-26,100.635635,100.93077189127604,57.73
2013-12-27,100.73064,100.91894048055013,55.439999
2013-12-30,100.8768,100.91321283976237,53.709999
2013-12-31,100.62016,100.91824188232422,54.650002
2014-01-02,100.43038,100.8913464864095,54.709999
2014-01-03,100.36114,100.86707712809245,54.560001
2014-01-06,100.86084,100.86917622884114,57.200001
2014-01-07,100.9933,100.88687311808268,57.919998
2014-01-08,100.69977,100.89239603678385,58.23
2014-01-09,101.25478,100.89350458780925,57.220001
2014-01-10,100.460495,100.86798197428385,57.939999
2014-01-13,100.75671,100.87389272054037,55.91
2014-01-14,100.42661,100.86933110555013,57.740002
2014-01-15,100.2175,100.85433476765951,57.599998
2014-01-16,100.447495,100.85504887898763,57.189999
2014-01-17,100.31105,100.83529485066732,56.299999
2014-01-21,100.92569,100.84719823201497,58.509998
2014-01-22,100.77161,100.85709966023764,57.509998
2014-01-23,100.488754,100.85825068155924,56.630001
2014-01-24,100.697655,100.84476903279622,54.450001
2014-01-27,101.031555,100.84550704956055,53.549999
2014-01-28,100.61075,100.82168553670247,55.139999
2014-01-29,101.3233,100.82695439656575,53.529999
2014-01-30,101.34521,100.8311060587565,61.080002
2014-01-31,101.162895,100.83531545003255,62.57
2014-02-03,100.88836,100.82961756388346,61.48
2014-02-04,100.48864,100.80420786539713,62.75
2014-02-05,100.6603,100.74496154785156,62.189999
2014-02-06,100.52795,100.71700642903646,62.16
2014-02-07,100.78109,100.7262351989746,64.32
2014-02-10,100.49912,100.72168477376302,63.549999
2014-02-11,100.53519,100.71516977945963,64.849998
2014-02-12,100.38374,100.69873453776042,64.449997
2014-02-13,100.71092,100.7017598470052,67.33000200000001
2014-02-14,100.19517,100.6939193725586,67.089996
2014-02-18,100.29388,100.69167734781901,67.300003
2014-02-19,100.67847,100.6855982462565,68.059998
2014-02-20,101.21313,100.69292577107747,69.629997
2014-02-21,100.819916,100.69693069458008,68.589996
2014-02-24,101.05066,100.69012654622396,70.779999
2014-02-25,100.45599,100.68997650146484,69.849998
2014-02-26,100.5503,100.68309631347657,69.260002
2014-02-27,100.27505,100.67804412841797,68.940002
2014-02-28,100.77307,100.69656321207682,68.459999
2014-03-03,100.59858,100.7015993754069,67.410004
2014-03-04,100.197876,100.69782689412435,68.800003
2014-03-05,100.83444,100.6947853088379,71.57
2014-03-06,100.286865,100.6786272684733,70.839996
2014-03-07,100.1202,100.66634216308594,69.800003
2014-03-10,100.63737,100.66433258056641,72.029999
2014-03-11,100.617355,100.65052591959635,70.099998
2014-03-12,100.45611,100.64537124633789,70.879997
2014-03-13,100.60676,100.62148640950521,68.83000200000001
2014-03-14,100.451164,100.59168497721355,67.720001
2014-03-17,100.54635,100.57113342285156,68.739998
2014-03-18,100.18378,100.5476473490397,69.190002
2014-03-19,100.278854,100.54065450032552,68.239998
2014-03-20,100.321045,100.52934595743815,66.970001
2014-03-21,100.65676,100.53363978068033,67.239998
2014-03-24,101.072,100.54333674112955,64.099998
2014-03-25,100.77858,100.55265197753906,64.889999
2014-03-26,101.30091,100.57817611694335,60.389999
2014-03-27,101.55002,100.61705195109049,60.970001
2014-03-28,100.797775,100.61994705200195,60.009998
2014-03-31,100.592186,100.63318099975587,60.240002
2014-04-01,100.689705,100.6463752746582,62.619999
2014-04-02,100.822754,100.6511848449707,62.720001
2014-04-03,101.40891,100.65771102905273,59.490002
2014-04-04,101.38977,100.67670618693033,56.75
2014-04-07,101.436905,100.68958104451498,56.950001
2014-04-08,101.10611,100.71125157674153,58.189999
2014-04-09,101.30463,100.73639577229818,62.41
2014-04-10,101.61464,100.78104883829752,59.16
2014-04-11,101.26391,100.79741007486979,58.529999
2014-04-14,100.964836,100.8096186319987,58.889999
2014-04-15,101.38519,100.84919586181641,59.09
2014-04-16,101.080345,100.85739262898763,59.720001
2014-04-17,101.21291,100.88826090494791,58.939999
2014-04-21,100.739265,100.90889638264974,61.240002
2014-04-22,100.698845,100.91094563802083,63.029999
2014-04-23,101.43962,100.9383544921875,61.360001
2014-04-24,101.31217,100.96688995361328,60.869999
2014-04-25,101.243576,100.98811721801758,57.709999
2014-04-28,101.43408,101.02088114420573,56.139999
2014-04-29,101.1047,101.03949279785157,58.150002
2014-04-30,100.91727,101.0639424641927,59.779999
2014-05-01,101.08082,101.09067459106446,61.150002
2014-05-02,100.63919,101.1012794494629,60.459999
2014-05-05,100.50243,101.09613520304362,61.220001
2014-05-06,100.67756,101.08298721313477,58.529999
2014-05-07,101.12055,101.09438629150391,57.389999
2014-05-08,100.81148,101.07807184855143,56.759998
2014-05-09,100.60523,101.04657897949218,57.240002
2014-05-12,100.478035,101.03592096964518,59.830002
2014-05-13,100.52172,101.03357213338217,59.830002
2014-05-14,100.46154,101.02596664428711,59.23
2014-05-15,100.691475,101.02159067789714,57.919998
2014-05-16,100.567406,100.99354044596355,58.02
2014-05-19,100.47028,100.96289087931315,59.209999
2014-05-20,100.666855,100.93722254435221,58.560001
2014-05-21,100.69704,100.92358678181967,60.490002
2014-05-22,100.604645,100.90025405883789,60.52
2014-05-23,100.41282,100.86019337972006,61.349998
2014-05-27,100.679634,100.84071756998698,63.48
2014-05-28,100.47331,100.82433344523112,63.509998
2014-05-29,100.31156,100.78854573567709,63.830002
2014-05-30,100.3909,100.7655642191569,63.299999
2014-06-02,100.24181,100.7331942240397,63.080002
2014-06-03,100.20287,100.71531448364257,62.869999
2014-06-04,100.191185,100.69839248657226,63.34
2014-06-05,100.4386,100.66502507527669,63.189999
2014-06-06,100.27243,100.63036702473958,62.5
2014-06-09,100.30115,100.59895273844401,62.880001
2014-06-10,100.864265,100.57995885213217,65.769997
2014-06-11,100.360405,100.55514907836914,65.779999
2014-06-12,100.59021,100.54424718221028,64.290001
2014-06-13,100.20545,100.51506830851237,64.5
2014-06-16,100.233315,100.5015391031901,64.190002
2014-06-17,100.28951,100.49444173177083,64.400002
2014-06-18,100.11878,100.47581583658854,65.599998
2014-06-19,100.139465,100.44311294555663,64.339996
2014-06-20,100.36988,100.4283930460612,64.5
2014-06-23,100.19328,100.4146614074707,65.370003
2014-06-24,100.6544,100.42054036458333,65.720001
2014-06-25,100.294174,100.41295547485352,67.440002
2014-06-26,100.3528,100.40933074951172,67.129997
2014-06-27,100.351746,100.39800643920898,67.599998
2014-06-30,100.193565,100.38554509480794,67.290001
2014-07-01,100.16992,100.37553304036459,68.059998
2014-07-02,100.23477,100.36113026936849,66.449997
2014-07-03,100.24662,100.34611638387044,66.290001
2014-07-07,100.19281,100.33238855997722,65.290001
2014-07-08,100.7381,100.34323120117188,62.759998
2014-07-09,101.36434,100.36605478922526,64.970001
2014-07-10,100.401634,100.36366551717123,64.870003
2014-07-11,100.22715,100.3608517964681,66.339996
2014-07-14,100.18282,100.35391591389974,67.900002
2014-07-15,100.297386,100.35576833089193,67.16999799999999
2014-07-16,100.1687,100.35462926228841,67.660004
2014-07-17,100.15637,100.35346883138021,66.410004
2014-07-18,100.56486,100.3576774597168,68.41999799999999
2014-07-21,100.488,100.36486307779948,69.400002
2014-07-22,100.160774,100.36018397013346,69.269997
2014-07-23,100.89854,100.36132634480795,71.290001
2014-07-24,101.10215,100.38605117797852,74.980003
2014-07-25,100.30118,100.37641677856445,75.190002
2014-07-28,100.15388,100.37469762166342,74.91999799999998
2014-07-29,100.20882,100.37388102213542,73.709999
2014-07-30,100.16556,100.36974919637045,74.68
2014-07-31,100.207954,100.37272160847982,72.650002
2014-08-01,100.23769,100.37599589029948,72.360001
2014-08-04,100.10145,100.36704813639322,73.510002
2014-08-05,100.09224,100.36368001302084,72.690002
2014-08-06,100.19459,100.34835281372071,72.470001
2014-08-07,100.15605,100.34374872843425,73.16999799999998
2014-08-08,100.11362,100.3357760111491,73.059998
2014-08-11,100.21743,100.331298828125,73.440002
2014-08-12,100.14138,100.32955932617188,72.83000200000002
2014-08-13,100.11132,100.32760594685872,73.769997
2014-08-14,100.2617,100.3285036722819,74.300003
2014-08-15,100.07281,100.32270991007486,73.629997
2014-08-18,100.26847,100.32523193359376,74.589996
2014-08-19,100.191986,100.3070281982422,75.290001
2014-08-20,100.30616,100.27175547281901,74.809998
2014-08-21,100.223145,100.26580581665038,74.57
2014-08-22,100.24949,100.26655044555665,74.57
2014-08-25,100.25957,100.26910858154297,75.019997
2014-08-26,100.13565,100.26371739705404,75.959999
2014-08-27,100.04344,100.25954208374023,74.629997
2014-08-28,100.18325,100.26043802897135,73.860001
2014-08-29,100.15596,100.24680811564127,74.82
2014-09-02,100.02489,100.2313710530599,76.68
2014-09-03,100.023705,100.22680206298828,75.83000200000002
2014-09-04,100.10322,100.20029144287109,75.949997
2014-09-05,100.09004,100.16655451456705,77.260002
2014-09-08,100.093056,100.1596171061198,77.889999
2014-09-09,100.10735,100.15806630452474,76.66999799999998
2014-09-10,100.04992,100.152769724528,77.43
2014-09-11,100.082924,100.15001525878907,77.91999799999998
2014-09-12,100.1126,100.14683685302734,77.480003
2014-09-15,100.32031,100.14959081013997,74.58000200000002
2014-09-16,100.119865,100.15020472208658,76.08000200000002
2014-09-17,100.080284,100.14980621337891,76.43
2014-09-18,100.13989,100.14798304239909,77.0
2014-09-19,100.78675,100.16900634765625,77.910004
2014-09-22,100.03778,100.16647847493489,76.800003
2014-09-23,100.06231,100.16130777994792,78.290001
2014-09-24,100.06543,100.1587760925293,78.540001
2014-09-25,99.99392,100.15486272176106,77.220001
2014-09-26,100.13741,100.15071970621744,78.790001
2014-09-29,100.040825,100.14965362548828,79.0
2014-09-30,100.02219,100.14144414265951,79.040001
2014-10-01,100.42388,100.14917399088542,76.550003
2014-10-02,100.0423,100.14037857055663,77.08000200000002
2014-10-03,100.18416,100.13907903035482,77.440002
2014-10-06,100.105896,100.13429260253906,77.559998
2014-10-07,100.12115,100.1296785990397,76.290001
2014-10-08,100.02584,100.12601826985677,77.519997
2014-10-09,99.97964,100.1238914489746,75.910004
2014-10-10,100.40482,100.13127721150717,72.910004
2014-10-13,100.27933,100.13538945515951,72.989998
2014-10-14,100.488525,100.15084406534831,73.589996
2014-10-15,100.632324,100.17113138834635,73.209999
2014-10-16,100.486626,100.1839116414388,72.629997
2014-10-17,100.83274,100.20866826375325,75.949997
2014-10-20,100.03995,100.20689798990885,76.949997
2014-10-21,100.03497,100.20448532104493,78.690002
2014-10-22,100.07924,100.20546264648438,78.370003
2014-10-23,100.039375,100.20401102701823,80.040001
2014-10-24,100.1621,100.20566101074219,80.66999799999998
2014-10-27,100.00405,100.19511896769205,80.279999
2014-10-28,100.72731,100.21536712646484,80.769997
2014-10-29,101.23159,100.25374399820963,75.860001
2014-10-30,100.94827,100.2806900024414,74.110001
2014-10-31,100.43834,100.26907628377279,74.989998
2014-11-03,100.18571,100.27400716145833,73.879997
2014-11-04,100.10007,100.27526575724283,75.760002
2014-11-05,100.107124,100.27665557861329,74.83000200000002
2014-11-06,100.22791,100.28445536295573,75.260002
2014-11-07,100.32864,100.29082972208658,75.599998
2014-11-10,100.21632,100.29667943318685,75.0
2014-11-11,100.225174,100.30344568888346,74.610001
2014-11-12,100.13708,100.2938855489095,74.720001
2014-11-13,100.23708,100.30037841796874,74.25
2014-11-14,100.23482,100.30206705729167,74.879997
2014-11-17,100.09506,100.30170593261718,74.239998
2014-11-18,100.232155,100.30540618896484,74.339996
2014-11-19,100.119576,100.30853068033854,73.33000200000002
2014-11-20,100.32281,100.3199696858724,73.599998
2014-11-21,100.188255,100.31275075276693,73.75
2014-11-24,100.18299,100.30953954060872,74.010002
2014-11-25,100.01511,100.29375890096028,75.629997
2014-11-26,100.014015,100.27314860026041,77.620003
2014-11-28,100.268684,100.26588389078776,77.699997
2014-12-01,100.02248,100.23887507120769,75.099998
2014-12-02,100.310265,100.24788564046224,75.459999
2014-12-03,100.35419,100.25852610270182,74.879997
2014-12-04,100.37707,100.26845372517904,75.239998
2014-12-05,100.12107,100.27117691040038,76.360001
2014-12-08,100.103485,100.26922302246093,76.519997
2014-12-09,100.2133,100.27619806925456,76.839996
2014-12-10,100.006645,100.2521759033203,76.18
2014-12-11,99.987236,100.21069742838542,77.730003
2014-12-12,100.05063,100.18077596028645,77.83000200000002
2014-12-15,100.03018,100.16717071533203,76.989998
2014-12-16,100.016495,100.16153030395508,74.690002
2014-12-17,100.09373,100.16131896972657,76.110001
2014-12-18,100.022255,100.15848999023437,78.400002
2014-12-19,100.1945,100.15737635294596,79.879997
2014-12-22,100.13823,100.15102920532226,81.449997
2014-12-23,100.17272,100.1495760599772,80.610001
2014-12-24,100.39891,100.15536727905274,80.769997
2014-12-26,100.37264,100.1632194519043,80.779999
2014-12-29,100.28117,100.16468912760416,80.019997
2014-12-30,100.250404,100.16520868937174,79.220001
2014-12-31,100.165115,100.16754379272462,78.019997
2015-01-02,100.32022,100.17047932942708,78.449997
2015-01-05,100.1034,100.16994018554688,77.190002
2015-01-06,100.0803,100.16185658772787,76.150002
2015-01-07,100.47439,100.17139434814453,76.150002
2015-01-08,100.10164,100.16868260701497,78.18
2015-01-09,100.269485,100.177161916097,77.739998
2015-01-12,100.23792,100.18462549845377,76.720001
2015-01-13,100.11291,100.1794329325358,76.449997
2015-01-14,100.148315,100.18362757364909,76.279999
2015-01-15,99.99249,100.17303517659505,74.050003
2015-01-16,100.28161,100.1706158955892,75.18
2015-01-20,100.18659,100.1642667134603,76.239998
2015-01-21,100.105156,100.1637362162272,76.739998
2015-01-22,100.24364,100.16840794881185,77.650002
2015-01-23,100.273964,100.17042999267578,77.83000200000002
2015-01-26,100.192154,100.17661361694336,77.5
2015-01-27,100.18712,100.1832763671875,75.779999
2015-01-28,100.460556,100.19694061279297,76.239998
2015-01-29,100.6202,100.21660792032877,78.0
2015-01-30,100.2096,100.2230448404948,75.910004
2015-02-02,100.14886,100.22488250732422,74.989998
2015-02-03,100.1553,100.22931722005208,75.400002
2015-02-04,100.2414,100.23088048299154,75.629997
2015-02-05,100.328995,100.23723932902018,75.610001
2015-02-06,100.235146,100.239320119222,74.470001
2015-02-09,100.31617,100.23656209309895,74.440002
2015-02-10,100.356575,100.23602650960287,75.190002
2015-02-11,100.185036,100.23282190958659,76.510002
2015-02-12,100.29764,100.2343963623047,76.230003
2015-02-13,100.25056,100.2372444152832,75.739998
2015-02-17,100.13853,100.23118794759115,75.599998
2015-02-18,100.22738,100.23532053629557,76.709999
2015-02-19,100.24574,100.24083531697592,79.41999799999998
2015-02-20,99.99687,100.22491811116537,79.900002
2015-02-23,100.095505,100.22471364339192,78.839996
2015-02-24,100.2143,100.22287419637044,78.449997
2015-02-25,100.141495,100.21965993245443,79.559998
2015-02-26,100.04158,100.21728235880533,80.410004
2015-02-27,100.17628,100.21821441650391,78.970001
2015-03-02,100.15978,100.22379074096679,79.75
2015-03-03,100.25504,100.22290522257487,79.599998
2015-03-04,100.036575,100.21790466308593,80.900002
2015-03-05,100.03101,100.21543324788412,81.209999
2015-03-06,100.08111,100.21001561482747,80.010002
2015-03-09,100.198494,100.20749994913737,79.440002
2015-03-10,100.25793,100.2096923828125,77.550003
2015-03-11,100.23002,100.2111223856608,77.57
2015-03-12,100.39427,100.20891291300455,78.93
2015-03-13,100.20936,100.19521814982096,78.050003
2015-03-16,100.280556,100.19758326212565,78.07
2015-03-17,100.15964,100.19794260660807,79.360001
2015-03-18,99.99014,100.19243748982747,80.910004
2015-03-19,100.137985,100.18899027506511,82.75
2015-03-20,100.12277,100.18211619059245,83.800003
2015-03-23,99.99638,100.1741574605306,84.43
2015-03-24,99.96383,100.1624127705892,85.309998
2015-03-25,99.93995,100.14852523803711,82.91999799999998
2015-03-26,99.967415,100.14127120971679,83.010002
2015-03-27,100.19334,100.1377944946289,83.300003
2015-03-30,100.06237,100.13152160644532,83.199997
2015-03-31,100.12232,100.1309814453125,82.220001
2015-04-01,100.11665,100.12729059855143,81.66999799999998
2015-04-02,100.17614,100.12497049967448,81.559998
2015-04-06,100.141945,100.12980626424154,82.440002
2015-04-07,100.181175,100.13266194661459,82.32
2015-04-08,100.15346,100.13063379923503,82.279999
2015-04-09,100.20211,100.13265431722006,82.16999799999998
2015-04-10,100.29693,100.14116592407227,82.040001
2015-04-13,100.02075,100.13598175048828,83.010002
2015-04-14,100.160416,100.13600285847981,83.519997
2015-04-15,100.068275,100.12977727254231,82.709999
2015-04-16,100.20843,100.13550567626953,82.309998
2015-04-17,100.183784,100.14059804280599,80.779999
2015-04-20,99.97202,100.1369618733724,83.089996
2015-04-21,100.004944,100.13051020304361,83.620003
2015-04-22,100.17948,100.12789535522461,84.629997
2015-04-23,100.667336,100.14247258504231,82.410004
2015-04-24,99.98683,100.12889124552409,81.529999
2015-04-27,100.08819,100.12485224405924,81.910004
2015-04-28,100.10251,100.11891733805338,80.68
2015-04-29,100.149704,100.11858622233073,80.470001
2015-04-30,100.0551,100.1207514444987,78.769997
2015-05-01,100.179504,100.12213541666667,78.989998
2015-05-04,100.31574,100.12856775919596,78.809998
2015-05-05,100.163895,100.13415145874023,77.559998
2015-05-06,100.064384,100.13750330607097,78.099998
2015-05-07,100.154655,100.14466018676758,78.43
2015-05-08,100.187355,100.15199152628581,78.510002
2015-05-11,100.21199,100.15261332194011,78.010002
2015-05-12,100.17851,100.15648473103842,77.459999
2015-05-13,100.26377,100.16119969685873,78.440002
2015-05-14,100.28135,100.16668955485027,81.370003
2015-05-15,100.06291,100.16291529337565,80.41999799999998
2015-05-18,100.11806,100.16211903889975,80.879997
2015-05-19,100.21547,100.16326217651367,80.629997
2015-05-20,100.16681,100.163707224528,80.550003
2015-05-21,100.324265,100.16777903238932,80.480003
2015-05-22,100.21832,100.16515884399413,80.540001
2015-05-26,100.1972,100.17104034423828,79.33000200000002
2015-05-27,100.3981,100.17896321614583,80.550003
2015-05-28,100.37809,100.18929036458333,80.150002
2015-05-29,100.21636,100.18955485026042,79.190002
2015-06-01,100.36664,100.19564997355143,80.290001
2015-06-02,100.139114,100.2012196858724,80.440002
2015-06-03,99.961754,100.19978001912435,82.440002
2015-06-04,100.122826,100.19789148966471,82.050003
2015-06-05,100.19356,100.18209889729818,82.139999
2015-06-08,100.167274,100.18811365763347,80.66999799999998
2015-06-09,100.244965,100.19333953857422,80.66999799999998
2015-06-10,100.16154,100.19530715942383,82.160004
2015-06-11,100.1437,100.19510701497396,81.83000200000002
2015-06-12,100.296616,100.20315755208334,81.529999
2015-06-15,100.178734,100.20313186645508,80.709999
2015-06-16,100.290596,100.20229365030924,81.059998
2015-06-17,100.18458,100.20298309326172,81.790001
2015-06-18,99.99645,100.20071868896484,82.910004
2015-06-19,100.07943,100.19821116129557,82.510002
2015-06-22,99.97727,100.19120839436849,84.739998
2015-06-23,100.207535,100.19105987548828,87.879997
2015-06-24,100.063736,100.187233988444,88.860001
2015-06-25,99.940186,100.17644780476888,87.980003
2015-06-26,99.96312,100.16584014892578,88.010002
2015-06-29,99.92623,100.16128412882487,85.800003
2015-06-30,100.071724,100.1597396850586,85.769997
2015-07-01,100.04237,100.15396982828776,86.910004
2015-07-02,100.10104,100.15177764892579,87.290001
2015-07-06,100.03472,100.1421262105306,87.550003
2015-07-07,99.91952,100.13216603597006,87.220001
2015-07-08,99.996704,100.12548294067383,85.650002
2015-07-09,100.06959,100.11453247070312,85.879997
2015-07-10,100.08205,100.10466435750325,87.949997
2015-07-13,99.90007,100.09412129720052,90.099998
2015-07-14,100.0421,100.0833033243815,89.68
2015-07-15,99.915886,100.07586237589518,89.760002
2015-07-16,100.0991,100.08044052124023,90.849998
2015-07-17,100.27322,100.08545354207357,94.970001
2015-07-20,100.23725,100.08690999348958,97.910004
2015-07-21,99.97101,100.08036778767904,98.389999
2015-07-22,99.8757,100.06805903116862,97.040001
2015-07-23,99.91256,100.05975977579753,95.440002
2015-07-24,99.92245,100.05238469441731,96.949997
2015-07-27,99.88378,100.0386235555013,94.169998
2015-07-28,99.820015,100.02666625976562,95.290001
2015-07-29,100.36763,100.0292340596517,96.989998
2015-07-30,100.801605,100.04980163574218,95.209999
2015-07-31,100.05011,100.05159022013346,94.010002
2015-08-03,99.93124,100.04665044148763,94.139999
2015-08-04,100.116356,100.05128657023111,94.059998
2015-08-05,99.87483,100.04019648234049,96.440002
2015-08-06,99.98166,100.03746058146159,95.120003
2015-08-07,99.965324,100.03829854329427,94.300003
2015-08-10,100.00612,100.03973185221354,94.150002
2015-08-11,100.1147,100.04601414998372,93.620003
2015-08-12,99.961555,100.04234186808269,94.190002
2015-08-13,100.04691,100.04249318440755,93.43
2015-08-14,100.024315,100.03993555704753,94.419998
2015-08-17,100.032906,100.03987503051758,93.93
2015-08-18,99.94867,100.04084676106771,95.169998
2015-08-19,99.961296,100.03966649373372,95.309998
2015-08-20,100.06052,100.03936411539713,90.559998
2015-08-21,100.56627,100.05550486246744,86.059998
2015-08-24,100.95299,100.09060211181641,82.089996
2015-08-25,100.39622,100.102406056722,83.0
2015-08-26,100.11741,100.10912348429362,87.190002
2015-08-27,100.10706,100.10938898722331,89.730003
2015-08-28,100.05527,100.1021240234375,91.010002
2015-08-31,99.94013,100.09222005208333,89.43
2015-09-01,99.944534,100.09133758544922,87.230003
2015-09-02,100.059845,100.09747568766277,89.889999
2015-09-03,99.99582,100.10025100708008,88.150002
2015-09-04,100.06191,100.10489985148112,88.260002
2015-09-08,100.04553,100.11029154459635,89.529999
2015-09-09,99.88714,100.11252899169922,90.440002
2015-09-10,99.98391,100.09973831176758,91.980003
2015-09-11,100.03561,100.07420501708984,92.050003
2015-09-14,100.04406,100.07400334676107,92.309998
2015-09-15,100.12763,100.08054987589519,92.900002
2015-09-16,100.23269,100.08442764282226,93.449997
2015-09-17,99.96569,100.08745625813802,94.339996
2015-09-18,100.40874,100.10169219970703,94.400002
2015-09-21,100.006645,100.10306955973307,95.550003
2015-09-22,99.836235,100.09740676879883,92.959999
2015-09-23,100.022766,100.09434229532877,93.970001
2015-09-24,99.99679,100.09551671346028,94.410004
2015-09-25,100.059875,100.0959487915039,92.769997
2015-09-28,99.95499,100.0936378479004,89.209999
2015-09-29,100.10396,100.09600626627604,86.66999799999998
2015-09-30,100.20705,100.10461883544922,89.900002
2015-10-01,99.89303,100.1023432413737,90.949997
2015-10-02,99.93842,100.09827346801758,92.07
2015-10-05,99.968445,100.07834599812826,94.010002
2015-10-06,99.98766,100.04616851806641,92.800003
2015-10-07,99.97286,100.0320566813151,92.400002
2015-10-08,99.9602,100.02681630452474,92.470001
2015-10-09,100.11834,100.02719217936198,93.239998
2015-10-12,100.04848,100.02696584065755,94.260002
2015-10-13,100.01627,100.02950388590494,94.120003
2015-10-14,100.01077,100.03171183268229,94.07
2015-10-15,100.1441,100.03452021280924,95.959999
2015-10-16,99.93438,100.0324722290039,97.540001
2015-10-19,99.96081,100.0291020711263,98.470001
2015-10-20,99.83968,100.02224044799804,97.0
2015-10-21,99.988625,100.0256233215332,97.110001
2015-10-22,99.959694,100.02481613159179,99.669998
2015-10-23,100.067406,100.02587610880533,102.190002
2015-10-26,99.98582,100.02393468221028,103.769997
2015-10-27,100.00643,100.01989466349283,103.699997
2015-10-28,100.03888,100.01343434651693,104.199997
2015-10-29,100.15756,100.01983006795247,104.879997
2015-10-30,99.927345,100.0037836710612,101.970001
2015-11-02,100.02187,100.00429128011068,103.309998
2015-11-03,100.12107,100.01378580729167,102.580002
2015-11-04,100.11027,100.01670252482096,103.940002
2015-11-05,100.48611,100.03301315307617,108.760002
2015-11-06,100.081795,100.03374379475912,107.099998
2015-11-09,100.01206,100.03564631144205,106.489998
2015-11-10,100.107635,100.03576889038087,107.910004
2015-11-11,100.16443,100.03434829711914,109.010002
2015-11-12,100.2397,100.04590403238932,108.019997
2015-11-13,100.32418,100.05876261393229,103.949997
2015-11-16,100.101746,100.06320597330729,104.040001
2015-11-17,100.05677,100.06550954182943,105.129997
2015-11-18,100.05214,100.0681521097819,107.769997
2015-11-19,100.25057,100.07783126831055,106.260002
2015-11-20,100.204834,100.08071441650391,107.32
2015-11-23,100.18592,100.08529586791992,106.949997
2015-11-24,100.06661,100.0869738260905,105.739998
2015-11-25,100.17325,100.09238967895507,105.410004
2015-11-27,100.36952,100.0999038696289,105.449997
2015-11-30,100.090065,100.10509338378907,104.239998
2015-12-01,100.075935,100.10893096923829,107.120003
2015-12-02,100.058136,100.11621271769205,106.07
2015-12-03,99.98986,100.11625391642252,104.379997
2015-12-04,100.12324,100.12170537312825,106.18
2015-12-07,100.27906,100.12876052856446,105.610001
2015-12-08,100.10647,100.13278223673503,106.489998
2015-12-09,100.043625,100.13402201334635,104.599998
2015-12-10,100.14522,100.13756663004557,105.419998
2015-12-11,99.90229,100.12905756632487,102.120003
2015-12-14,100.267075,100.1403818766276,104.660004
2015-12-15,100.00191,100.13971633911133,104.550003
2015-12-16,100.0442,100.13715387980143,106.790001
2015-12-17,100.11567,100.13733393351237,106.220001
2015-12-18,99.93463,100.11895141601562,104.040001
2015-12-21,100.166405,100.12177174886068,104.769997
2015-12-22,100.258766,100.12999521891275,105.510002
2015-12-23,100.16214,100.1318120320638,104.629997
2015-12-24,100.3933,100.1394411722819,105.019997
2015-12-28,100.25281,100.13987808227539,105.93
2015-12-29,100.18285,100.13516718546549,107.260002
2015-12-30,100.31555,100.1422940572103,106.220001
2015-12-31,100.06375,100.1425267537435,104.660004
2016-01-04,99.95943,100.13943634033203,102.220001
2016-01-05,99.986946,100.13064880371094,102.730003
2016-01-06,99.966324,100.12269846598308,102.970001
2016-01-07,100.75846,100.14178314208985,97.919998
2016-01-08,99.85819,100.13483581542968,97.330002
2016-01-11,99.930786,100.12675374348959,97.510002
2016-01-12,99.86577,100.1099619547526,99.370003
2016-01-13,100.01436,100.10743840535481,95.440002
2016-01-14,100.24546,100.11308924357097,98.370003
2016-01-15,100.03933,100.11246236165364,94.970001
2016-01-19,99.917305,100.11004384358723,95.260002
2016-01-20,100.388145,100.1188741048177,94.349998
2016-01-21,100.031296,100.11061528523763,94.160004
2016-01-22,99.95143,100.1054473876953,97.940002
2016-01-25,99.87545,100.0998415629069,97.010002
2016-01-26,99.884056,100.0911361694336,97.339996
2016-01-27,100.28128,100.10376917521158,94.449997
2016-01-28,100.82765,100.12245508829753,109.110001
2016-01-29,100.67936,100.14503682454428,112.209999
2016-02-01,100.59863,100.16351801554362,115.089996
2016-02-02,100.64479,100.18115539550782,114.610001
2016-02-03,100.68124,100.2060422261556,112.690002
2016-02-04,100.094734,100.2036532084147,110.489998
2016-02-05,100.6685,100.21731109619141,104.07
2016-02-08,100.650566,100.23359196980795,99.75
2016-02-09,100.639984,100.24181467692057,99.540001
2016-02-10,100.252106,100.24179128011068,101.0
2016-02-11,100.19876,100.2423215230306,101.910004
2016-02-12,100.22351,100.23925348917643,102.010002
2016-02-16,100.16536,100.24264043172201,101.610001
2016-02-17,100.0919,100.24705632527669,105.199997
2016-02-18,99.93075,100.24518305460612,103.470001
2016-02-19,99.946144,100.24451039632162,104.57
2016-02-22,100.06083,100.22125600179037,107.160004
2016-02-23,100.06764,100.22823766072591,105.459999
2016-02-24,100.04157,100.23193054199218,106.879997
2016-02-25,100.06275,100.23849665323893,108.07
2016-02-26,100.28695,100.2475830078125,107.919998
2016-02-29,100.137085,100.24397048950195,106.919998
2016-03-01,100.53793,100.26059061686198,109.82
2016-03-02,100.15767,100.26860275268555,109.949997
2016-03-03,100.35716,100.26756998697917,109.580002
2016-03-04,100.11207,100.27026240030925,108.389999
2016-03-07,100.0161,100.27241795857748,105.730003
2016-03-08,100.12482,100.28073018391927,105.93
2016-03-09,100.18846,100.29087702433269,107.510002
2016-03-10,100.07637,100.284046681722,107.32
2016-03-11,100.18208,100.26252772013346,109.410004
2016-03-14,100.27952,100.24919967651367,109.889999
2016-03-15,100.25659,100.23779830932617,110.669998
2016-03-16,100.19379,100.22276484171549,112.18
2016-03-17,100.16463,100.205544535319,111.019997
2016-03-18,100.09219,100.20545984903971,111.449997
2016-03-21,100.28424,100.19265111287434,111.849998
2016-03-22,100.30128,100.18100814819336,112.25
2016-03-23,100.29775,100.16960042317709,112.540001
2016-03-24,100.3042,100.1713368733724,113.050003
2016-03-28,100.24783,100.1729726155599,113.690002
2016-03-29,100.09503,100.16868998209635,116.139999
2016-03-30,100.078766,100.16580352783203,114.699997
2016-03-31,100.225426,100.17025426228841,114.099998
2016-04-01,100.22529,100.18007227579753,116.059998
2016-04-04,100.20582,100.18872807820638,112.550003
2016-04-05,100.16061,100.1920539855957,112.220001
2016-04-06,100.619804,100.21045939127605,113.709999
2016-04-07,100.20857,100.2160260518392,113.639999
2016-04-08,100.62902,100.2349016825358,110.629997
2016-04-11,100.13088,100.2296994527181,108.989998
2016-04-12,100.33632,100.2363405863444,110.610001
2016-04-13,100.80102,100.24511006673177,110.510002
2016-04-14,100.10276,100.24327977498372,110.839996
2016-04-15,100.24238,100.2394536336263,109.639999
2016-04-18,100.189186,100.24202423095703,110.449997
2016-04-19,100.081474,100.2442034403483,112.290001
2016-04-20,100.2202,100.24738286336263,112.419998
2016-04-21,100.33908,100.2524035135905,113.440002
2016-04-22,100.08973,100.25284881591797,110.559998
2016-04-25,100.17135,100.25249099731445,110.099998
2016-04-26,100.16221,100.24858067830404,108.760002
2016-04-27,100.29977,100.25001983642578,108.889999
2016-04-28,100.79062,100.26991424560546,116.730003
2016-04-29,100.428604,100.27871348063151,117.580002
2016-05-02,100.43706,100.2902089436849,118.57
2016-05-03,100.32345,100.2915158589681,117.43
2016-05-04,100.3337,100.29259668986002,118.059998
2016-05-05,100.36149,100.29472122192382,117.809998
2016-05-06,100.26607,100.29345016479492,119.489998
2016-05-09,100.3906,100.29820912679037,119.239998
2016-05-10,100.31455,100.30552647908529,120.5
2016-05-11,100.32335,100.31367925008138,119.519997
2016-05-12,100.39799,100.31943130493164,120.279999
2016-05-13,100.3781,100.32452494303385,119.809998
2016-05-16,100.08583,100.32052536010742,118.669998
2016-05-17,100.267654,100.32409362792968,117.349998
2016-05-18,100.344986,100.31493301391602,117.650002
2016-05-19,100.423454,100.3220957438151,116.809998
2016-05-20,100.28328,100.31057103474934,117.349998
2016-05-23,100.35084,100.31790288289388,115.970001
2016-05-24,100.35603,100.31856002807618,117.699997
2016-05-25,100.31372,100.302316792806,117.889999
2016-05-26,100.35397,100.31069056193034,119.470001
2016-05-27,100.510315,100.31962178548177,119.379997
2016-05-31,100.287315,100.32289276123046,118.809998
2016-06-01,100.43902,100.33481089274089,118.779999
2016-06-02,100.53883,100.34543202718099,118.93
2016-06-03,100.4898,100.35045598347982,118.470001
2016-06-06,100.50446,100.36428044637044,118.790001
2016-06-07,100.38224,100.37131017049154,117.760002
2016-06-08,100.58707,100.38547210693359,118.389999
2016-06-09,100.45031,100.39049021402995,118.559998
2016-06-10,100.34254,100.37555414835612,116.620003
2016-06-13,100.091805,100.36432749430338,113.949997
2016-06-14,100.33631,100.36096928914388,114.940002
2016-06-15,100.323265,100.36096318562825,114.599998
2016-06-16,100.31662,100.36039377848307,114.389999
2016-06-17,100.2516,100.35673090616862,113.019997
2016-06-20,100.23582,100.35572255452475,113.370003
2016-06-21,100.31295,100.35313415527344,114.379997
2016-06-22,100.37789,100.35524546305338,113.910004
2016-06-23,100.35252,100.35621795654296,115.080002
2016-06-24,100.14605,100.34782002766927,112.080002
2016-06-27,100.0795,100.3378667195638,108.970001
2016-06-28,100.181335,100.34105021158854,112.699997
2016-06-29,100.70796,100.35572713216146,114.160004
2016-06-30,100.38243,100.35697530110677,114.279999
2016-07-01,100.46707,100.35842920939128,114.190002
2016-07-05,100.37161,100.36137364705404,114.199997
2016-07-06,100.268295,100.35862223307292,116.699997
2016-07-07,100.52324,100.36419576009115,115.849998
2016-07-08,100.498116,100.37034225463867,117.239998
2016-07-11,100.50392,100.37534052530924,117.870003
2016-07-12,100.4918,100.37472330729166,117.93
2016-07-13,100.35478,100.37697219848633,116.779999
2016-07-14,100.47197,100.37807057698568,117.290001
2016-07-15,100.519264,100.37741826375326,116.860001
2016-07-18,100.434845,100.3755864461263,119.370003
2016-07-19,100.36096,100.37080307006836,120.610001
2016-07-20,100.49686,100.37462361653645,121.919998
2016-07-21,100.436134,100.3695925394694,120.610001
2016-07-22,100.44737,100.36949462890625,121.0
2016-07-25,100.47473,100.37390111287435,121.629997
2016-07-26,100.49497,100.387340037028,121.220001
2016-07-27,100.55235,100.39454142252605,123.339996
2016-07-28,100.73394,100.40823059082031,125.0
2016-07-29,100.22594,100.40520782470703,123.940002
2016-08-01,100.34119,100.40819396972657,124.309998
2016-08-02,100.34843,100.41194763183594,123.089996
2016-08-03,100.49928,100.41815872192383,122.510002
2016-08-04,100.46125,100.4209373474121,124.360001
2016-08-05,100.4492,100.42416000366211,125.150002
2016-08-08,100.61053,100.43964258829753,125.260002
2016-08-09,100.55081,100.45535303751628,125.059998
2016-08-10,100.616165,100.46984736124675,124.879997
2016-08-11,100.61189,100.46664505004883,124.900002
2016-08-12,100.6315,100.47494735717774,124.879997
2016-08-15,100.455215,100.47455215454102,123.900002
2016-08-16,100.55631,100.48070882161458,123.300003
2016-08-17,100.58269,100.4911885579427,124.370003
2016-08-18,100.601814,100.49380772908529,123.910004
2016-08-19,100.638626,100.49849141438803,123.559998
2016-08-22,100.59126,100.50140279134115,124.150002
2016-08-23,100.65915,100.50698115030924,124.370003
2016-08-24,100.61886,100.51578369140626,123.480003
2016-08-25,100.63326,100.52116012573242,123.889999
2016-08-26,100.68934,100.52682927449544,124.959999
2016-08-29,100.575,100.53150100708008,126.540001
2016-08-30,100.579254,100.53877741495768,125.839996
2016-08-31,100.60678,100.5424415588379,126.120003
2016-09-01,100.61979,100.54856338500977,126.169998
2016-09-02,100.65873,100.55560862223307,126.510002
2016-09-06,100.42496,100.55394948323568,129.729996
2016-09-07,100.41876,100.55140914916993,131.050003
2016-09-08,100.59971,100.55298767089843,130.270004
2016-09-09,100.41298,100.54228897094727,127.099998
2016-09-12,100.555664,100.55327987670898,128.690002
2016-09-13,100.6163,100.56245040893555,127.209999
2016-09-14,100.59409,100.5706392923991,127.769997
2016-09-15,100.590546,100.57368138631185,128.350006
2016-09-16,100.48713,100.57454401652018,129.070007
2016-09-19,100.61889,100.5802001953125,128.649994
2016-09-20,100.6476,100.58143590291341,128.639999
2016-09-21,100.63447,100.58422444661458,129.940002
2016-09-22,100.621414,100.5843994140625,130.080002
2016-09-23,100.37646,100.57655156453451,127.959999
2016-09-26,100.637215,100.57674204508463,127.309998
2016-09-27,100.66335,100.5836799621582,128.690002
2016-09-28,100.62117,100.58584187825521,129.229996
2016-09-29,100.6337,100.58754221598308,128.089996
2016-09-30,100.57803,100.58674952189128,128.270004
2016-10-03,100.62313,100.5862330118815,128.770004
2016-10-04,100.60954,100.5868423461914,128.190002
2016-10-05,100.64035,100.58621571858724,128.470001
2016-10-06,100.63631,100.58679733276367,128.740005
2016-10-07,100.61247,100.58610432942709,128.990005
2016-10-10,100.61816,100.58373158772787,130.240005
2016-10-11,100.5816,100.58395156860351,128.880005
2016-10-12,100.625656,100.58549830118815,129.050003
2016-10-13,100.563484,100.584055074056,127.82
2016-10-14,100.6111,100.58376541137696,127.879997
2016-10-17,100.64957,100.58345998128256,127.540001
2016-10-18,100.59998,100.5892941792806,128.570007
2016-10-19,100.58781,100.59492899576823,130.110001
2016-10-20,100.64754,100.59652328491211,130.0
2016-10-21,100.5993,100.6027338663737,132.070007
2016-10-24,100.632126,100.60528259277343,133.279999
2016-10-25,100.63173,100.60579681396484,132.28999299999998
2016-10-26,100.627625,100.60691452026367,131.03999299999998
2016-10-27,100.609184,100.60753580729167,129.690002
2016-10-28,100.564735,100.61012268066406,131.28999299999998
2016-10-31,100.612625,100.60991388956705,130.990005
2016-11-01,100.57249,100.60741017659505,129.5
2016-11-02,100.41429,100.60007095336914,127.169998
2016-11-03,101.035225,100.61386464436849,120.0
2016-11-04,101.11357,100.63843510945638,120.75
2016-11-07,100.56037,100.63587366739908,122.150002
2016-11-08,100.59163,100.63348286946615,124.220001
2016-11-09,100.603485,100.63289337158203,123.18
2016-11-10,100.79628,100.63831278483073,120.800003
2016-11-11,100.12294,100.62314300537109,119.019997
2016-11-14,100.41387,100.61616770426433,115.080002
2016-11-15,100.11489,100.59967931111653,117.199997
2016-11-16,100.19408,100.58480351765951,116.339996
2016-11-17,100.39295,100.57669169108073,117.790001
2016-11-18,100.40925,100.56991755167643,117.019997
2016-11-21,100.17238,100.55505828857422,121.769997
2016-11-22,100.550674,100.55402755737305,121.470001
2016-11-23,100.52187,100.55056813557943,120.839996
2016-11-25,100.63706,100.55302073160807,120.379997
2016-11-28,100.53041,100.55033111572266,120.410004
2016-11-29,100.556046,100.54721374511719,120.870003
2016-11-30,100.22253,100.53463185628256,118.419998
2016-12-01,100.26829,100.52398122151693,115.099998
2016-12-02,100.249886,100.51072616577149,115.400002
2016-12-05,100.3971,100.50398635864258,117.43
2016-12-06,100.4024,100.49632873535157,117.309998
2016-12-07,100.43694,100.48983586629232,117.949997
2016-12-08,100.46325,100.48435668945312,118.910004
2016-12-09,100.552055,100.48245239257812,119.68
2016-12-12,100.3703,100.47597122192383,117.769997
2016-12-13,100.21898,100.46284968058268,120.309998
2016-12-14,100.33751,100.45501708984375,120.209999
2016-12-15,100.43989,100.4558703104655,120.57
2016-12-16,100.251305,100.42973963419597,119.870003
2016-12-19,100.430756,100.40697911580403,119.239998
2016-12-20,100.483025,100.40440088907877,119.089996
2016-12-21,100.668655,100.40696843465169,119.040001
2016-12-22,100.39661,100.40007247924805,117.400002
2016-12-23,100.54802,100.39179712931315,117.269997
2016-12-27,100.4746,100.40351918538411,118.010002
2016-12-28,100.547844,100.40798492431641,116.919998
2016-12-29,100.779434,100.4301363627116,116.349998
2016-12-30,100.33725,100.43490880330404,115.050003
2017-01-03,100.31507,100.4323127746582,116.860001
2017-01-04,100.33034,100.42968241373698,118.690002
2017-01-05,100.4353,100.43844655354818,120.669998
2017-01-06,100.26045,100.42877248128255,123.410004
2017-01-09,100.49141,100.42775700887044,124.900002
2017-01-10,100.56363,100.42530924479166,124.349998
2017-01-11,100.58586,100.42715759277344,126.089996
2017-01-12,100.609604,100.42894287109375,126.620003
2017-01-13,100.54278,100.43961791992187,128.339996
2017-01-17,100.58943,100.45032272338867,127.870003
2017-01-18,100.60804,100.46226119995117,127.919998
2017-01-19,100.62088,100.46972045898437,127.550003
2017-01-20,100.56128,100.47501653035482,127.040001
2017-01-23,100.59637,100.48033065795899,128.929993
2017-01-24,100.61892,100.48551966349284,129.369995
2017-01-25,100.59791,100.4870480855306,131.479996
2017-01-26,100.61419,100.49517771402995,132.779999
2017-01-27,100.59775,100.50780334472657,132.179993
2017-01-30,100.60079,100.51657943725586,130.979996
2017-01-31,100.5995,100.5218999226888,130.320007
2017-02-01,100.66025,100.53553136189778,133.229996
2017-02-02,100.75623,100.54638061523437,130.839996
2017-02-03,100.568634,100.5492342631022,130.979996
2017-02-06,100.647575,100.54853159586588,132.059998
2017-02-07,100.63313,100.55641581217448,131.839996
2017-02-08,100.6124,100.55856170654297,134.199997
2017-02-09,100.62742,100.56365559895833,134.139999
2017-02-10,100.63873,100.56668523152669,134.190002
2017-02-13,100.65872,100.5626614888509,134.050003
2017-02-14,100.654594,100.57323964436848,133.850006
2017-02-15,100.65106,100.58443934122721,133.440002
2017-02-16,100.725,100.59759470621745,133.839996
2017-02-17,100.66766,100.60534006754557,133.529999
2017-02-21,100.63701,100.61789194742839,133.720001
2017-02-22,100.52468,100.61900100708007,136.119995
2017-02-23,100.62319,100.62098642985026,135.360001
2017-02-24,100.64593,100.62298863728842,135.440002
2017-02-27,100.68487,100.62549743652343,136.410004
2017-02-28,100.63762,100.62865880330403,135.53999299999998
2017-03-01,100.659546,100.63099594116211,137.419998
2017-03-02,100.68029,100.63340428670247,136.759995
2017-03-03,100.692055,100.63577677408854,137.169998
2017-03-06,100.6948,100.64022750854492,137.419998
2017-03-07,100.74523,100.64518966674805,137.300003
2017-03-08,100.74118,100.64926503499349,137.720001
2017-03-09,100.64663,100.65088907877605,138.240005
2017-03-10,100.665764,100.65260823567708,138.78999299999998
2017-03-13,100.724686,100.65683949788412,139.600006
2017-03-14,100.698685,100.66010258992513,139.320007
2017-03-15,100.661385,100.66216532389323,139.720001
2017-03-16,100.7188,100.66411717732747,139.990005
2017-03-17,100.655815,100.66076990763347,139.839996
2017-03-20,100.70804,100.6654167175293,139.940002
2017-03-21,100.466385,100.65937703450521,138.509995
2017-03-22,100.67265,100.6606943766276,139.589996
2017-03-23,100.71386,100.66407648722331,139.529999
2017-03-24,100.68345,100.66594416300455,140.339996
2017-03-27,100.72469,100.66880950927734,140.320007
2017-03-28,100.74487,100.6716812133789,141.759995
2017-03-29,100.69443,100.67300898234049,142.649994
2017-03-30,100.752,100.67637354532877,142.410004
2017-03-31,100.749664,100.6771957397461,142.050003
2017-04-03,100.73954,100.67959162394206,142.279999
2017-04-04,100.73205,100.68275960286458,141.729996
2017-04-05,100.70392,100.68873418172201,141.850006
2017-04-06,100.68456,100.69077987670899,141.169998
2017-04-07,100.72441,100.69339599609376,140.779999
2017-04-10,100.77292,100.69633102416992,141.03999299999995
2017-04-11,100.65592,100.69694112141927,139.919998
2017-04-12,100.709465,100.69860509236653,139.580002
2017-04-13,100.75598,100.70112813313803,139.389999
2017-04-17,100.73801,100.70265986124674,141.419998
2017-04-18,100.71035,100.70317815144857,140.96000700000005
2017-04-19,100.71208,100.70207316080729,142.270004
2017-04-20,100.726364,100.70157928466797,143.800003
2017-04-21,100.80015,100.70669657389323,143.679993
2017-04-24,100.8007,100.71119435628255,145.470001
2017-04-25,100.76192,100.71243540445964,146.490005
2017-04-26,100.8165,100.71636250813802,146.559998
2017-04-27,100.84272,100.72240702311198,147.699997
2017-04-28,100.61365,100.71890182495117,150.25
2017-05-01,100.664345,100.71918614705403,152.46000700000005
2017-05-02,100.79128,100.72196095784506,152.779999
2017-05-03,100.648315,100.72802530924479,151.800003
2017-05-04,100.62634,100.72648162841797,150.850006
2017-05-05,100.774956,100.72851816813152,150.240005
2017-05-08,100.80632,100.73261388142903,151.059998
2017-05-09,100.79371,100.73491439819335,150.479996
2017-05-10,100.88359,100.7395383199056,150.28999299999995
2017-05-11,100.87485,100.74555231730143,150.03999299999995
2017-05-12,100.952934,100.75225016276042,150.330002
2017-05-15,100.82528,100.7547706604004,150.190002
2017-05-16,100.82657,100.75767161051432,149.779999
2017-05-17,100.65886,100.75523198445639,144.850006
2017-05-18,100.68723,100.75467580159506,147.660004
2017-05-19,100.80357,100.75864283243816,148.059998
2017-05-22,100.98558,100.76734848022461,148.240005
2017-05-23,100.87695,100.77081629435222,148.070007
2017-05-24,100.78475,100.77511062622071,150.03999299999995
2017-05-25,100.79709,100.77803141276041,151.96000700000005
2017-05-26,100.8506,100.78118540445963,152.130005
2017-05-30,100.85929,100.78522822062175,152.380005
2017-05-31,100.76197,100.7869489034017,151.46000700000005
2017-06-01,100.82926,100.79085489908854,151.529999
2017-06-02,100.80627,100.7935183207194,153.610001
2017-06-05,100.88986,100.7965087890625,153.630005
2017-06-06,100.87583,100.79901326497396,152.809998
2017-06-07,100.886635,100.80317052205403,153.119995
2017-06-08,100.815315,100.80313110351562,154.71000700000005
2017-06-09,100.628296,100.7959836324056,149.600006
2017-06-12,100.62988,100.79652481079101,148.440002
2017-06-13,100.81063,100.80140101114908,150.679993
2017-06-14,100.81068,100.80204747517904,150.25
2017-06-15,100.85949,100.80908660888672,149.800003
2017-06-16,100.8381,100.81614507039389,150.639999
2017-06-19,100.79787,100.81690877278646,152.869995
2017-06-20,100.88469,100.81952107747396,152.25
2017-06-21,100.870316,100.82207463582357,153.910004
2017-06-22,100.88345,100.82207005818685,153.399994
2017-06-23,100.78615,100.81911341349284,155.070007
2017-06-26,100.836266,100.8152244567871,153.589996
2017-06-27,100.76456,100.81320037841797,150.580002
2017-06-28,100.85278,100.81407419840495,153.240005
2017-06-29,100.72388,100.81624145507813,151.03999299999995
2017-06-30,100.82884,100.8209617614746,150.979996
2017-07-03,100.846725,100.8224001566569,148.429993
2017-07-05,100.84482,100.81770807902018,150.339996
2017-07-06,100.83755,100.81639455159505,148.820007
2017-07-07,100.823364,100.81768163045247,151.440002
2017-07-10,100.87005,100.82011362711589,153.5
2017-07-11,100.91548,100.82227630615235,155.270004
2017-07-12,100.78378,100.81975936889648,158.899994
2017-07-13,100.95839,100.82630666097005,159.259995
2017-07-14,100.873604,100.82778472900391,159.970001
2017-07-17,100.92537,100.83175481160482,159.729996
2017-07-18,100.696175,100.82529856363932,162.860001
2017-07-19,100.813484,100.823220316569,164.139999
2017-07-20,100.95748,100.82558186848958,164.529999
2017-07-21,100.96555,100.8305898030599,164.429993
2017-07-24,100.860405,100.83832677205403,166.0
2017-07-25,100.92451,100.84814758300782,165.279999
2017-07-26,100.64218,100.84253260294597,165.610001
2017-07-27,101.20606,100.85571212768555,170.440002
2017-07-28,100.865944,100.85592727661133,172.449997
2017-07-31,100.81766,100.8552459716797,169.25
2017-08-01,100.891266,100.85835927327474,169.860001
2017-08-02,100.79612,100.8554069519043,169.300003
2017-08-03,100.878105,100.85566660563151,168.589996
2017-08-04,101.13448,100.86403427124023,169.619995
2017-08-07,101.01556,100.8716812133789,171.979996
2017-08-08,101.0866,100.88002573649088,171.229996
2017-08-09,101.13101,100.89224090576172,171.179993
2017-08-10,100.904144,100.89395294189453,167.399994
2017-08-11,100.95974,100.90181503295898,168.080002
2017-08-14,100.908356,100.90446548461914,170.75
2017-08-15,101.14905,100.91454289754232,171.0
2017-08-16,101.17524,100.92555694580078,170.0
2017-08-17,101.03695,100.93220367431641,166.910004
2017-08-18,100.88574,100.93428293863933,167.410004
2017-08-21,100.972885,100.93771082560221,167.779999
2017-08-22,101.0408,100.94188817342122,169.639999
2017-08-23,101.17093,100.95479303995768,168.71000700000005
2017-08-24,101.09346,100.95929539998373,167.740005
2017-08-25,100.99027,100.96318435668945,166.320007
2017-08-28,101.08618,100.9685447692871,167.240005
2017-08-29,101.082756,100.98143081665039,168.050003
2017-08-30,101.05427,100.98945693969726,169.919998
2017-08-31,100.95866,100.98949610392252,171.970001
2017-09-01,101.14946,100.99562632242838,172.020004
2017-09-05,101.022964,101.00104497273763,170.720001
2017-09-06,100.88598,100.99976069132487,172.089996
2017-09-07,100.80763,101.00527572631836,173.21000700000005
2017-09-08,100.9737,100.99753036499024,170.949997
2017-09-11,101.08767,101.0049212137858,173.509995
2017-09-12,101.13323,101.01544036865235,172.96000700000005
2017-09-13,101.159645,101.02438634236654,173.050003
2017-09-14,101.00191,101.03124593098958,170.96000700000005
2017-09-15,100.91285,101.03240407307943,171.639999
2017-09-18,101.023865,101.02871678670247,170.009995
2017-09-19,101.35276,101.0399569193522,172.520004
2017-09-20,101.09433,101.04021453857422,172.169998
2017-09-21,101.15041,101.04086125691732,171.110001
2017-09-22,101.00655,101.04427490234374,170.53999299999995
2017-09-25,100.772255,101.03802541097005,162.869995
2017-09-26,100.90521,101.03792063395183,164.21000700000005
2017-09-27,100.85593,101.0281499226888,167.679993
2017-09-28,101.12378,101.02643458048503,168.729996
2017-09-29,101.2098,101.03219629923503,170.869995
2017-10-02,101.15725,101.04124654134115,169.470001
2017-10-03,101.07665,101.04470545450846,169.96000700000005
2017-10-04,101.032745,101.04443689982097,168.419998
2017-10-05,100.956825,101.03730010986328,171.240005
2017-10-06,101.07911,101.03682174682618,172.229996
2017-10-09,101.12702,101.04138005574545,172.5
2017-10-10,101.115395,101.04235382080078,171.589996
2017-10-11,100.964966,101.03842748006186,172.740005
2017-10-12,100.96283,101.03537953694662,172.550003
2017-10-13,101.0343,101.0379010518392,173.740005
2017-10-16,101.06705,101.03515396118163,174.520004
2017-10-17,100.92059,101.03174158732097,176.110001
2017-10-18,101.06437,101.03768793741862,176.029999
2017-10-19,101.00391,101.04423039754232,174.559998
2017-10-20,100.9289,101.0427370707194,174.979996
2017-10-23,101.04114,101.0411860148112,171.270004
2017-10-24,101.17559,101.04259796142578,171.800003
2017-10-25,101.05307,101.03904546101889,170.600006
2017-10-26,101.080124,101.04165267944336,170.630005
2017-10-27,100.743805,101.03601786295573,177.880005
2017-10-30,100.81251,101.02897262573242,179.869995
2017-10-31,101.15781,101.02247416178385,180.059998
2017-11-01,100.84854,101.0142812093099,182.660004
2017-11-02,100.7597,101.00125732421876,178.919998
2017-11-03,100.834305,100.99551569620768,178.919998
2017-11-06,100.88711,100.99934412638346,180.169998
2017-11-07,100.98092,101.00186767578126,180.25
2017-11-08,101.13876,101.01129557291667,179.559998
2017-11-09,101.14375,101.0119613647461,179.300003
2017-11-10,100.978874,101.00426381429037,178.46000700000005
2017-11-13,100.99917,100.99899444580078,178.770004
2017-11-14,101.03909,100.9977424621582,178.070007
2017-11-15,100.897644,100.99323908487956,177.949997
2017-11-16,100.95524,100.99318618774414,179.589996
2017-11-17,101.00753,100.99080022176106,179.0
2017-11-20,101.14311,100.99133656819662,178.740005
2017-11-21,100.859116,100.98279393513998,181.860001
2017-11-22,101.0357,100.98515167236329,180.869995
2017-11-24,100.9647,100.98521397908529,182.779999
2017-11-27,101.04138,100.98544998168946,183.029999
2017-11-28,100.87559,100.97906799316407,182.419998
2017-11-29,100.797424,100.97496236165365,175.130005
2017-11-30,100.758446,100.96476491292317,177.179993
2017-12-01,100.85557,100.95982030232747,175.100006
2017-12-04,100.99809,100.96212666829427,171.470001
2017-12-05,101.08386,100.9635508219401,172.830002
2017-12-06,100.85139,100.95274403889974,176.059998
2017-12-07,100.8147,100.94479827880859,180.139999
2017-12-08,101.216606,100.94934768676758,179.0
2017-12-11,101.0902,100.96089426676433,179.03999299999995
2017-12-12,100.87791,100.96307423909505,176.96000700000005
2017-12-13,100.87557,100.95366643269857,178.300003
2017-12-14,100.9535,100.95716501871745,178.389999
2017-12-15,100.73256,100.9562604268392,180.179993
2017-12-18,100.910675,100.95880610148112,180.820007
2017-12-19,101.07255,100.96498743693034,179.509995
2017-12-20,101.013824,100.96608428955078,177.889999
2017-12-21,100.94922,100.9597661336263,177.449997
2017-12-22,101.01942,100.95562159220377,177.199997
2017-12-26,101.134315,100.9608029683431,175.990005
2017-12-27,101.13477,100.96532313028972,177.619995
2017-12-28,100.9723,100.96309661865234,177.919998
2017-12-29,101.1783,100.97245178222656,176.46000700000005
2018-01-02,100.82624,100.96815185546875,181.419998
2018-01-03,100.829475,100.96221669514973,184.669998
2018-01-04,101.15038,100.96245905558268,184.330002
2018-01-05,100.95546,100.96567052205404,186.850006
2018-01-08,100.87873,100.9604382832845,188.279999
2018-01-09,100.90073,100.95830586751302,187.869995
2018-01-10,100.92964,100.95458119710287,187.839996
2018-01-11,100.94333,100.95683924357097,187.770004
2018-01-12,101.24243,100.97167282104492,179.369995
2018-01-16,100.80108,100.97309392293295,178.389999
2018-01-17,101.1449,100.9827382405599,177.600006
2018-01-18,100.80766,100.9763905843099,179.800003
2018-01-19,100.877914,100.96952565511067,181.289993
2018-01-22,100.94416,100.97261810302734,185.369995
2018-01-23,100.82482,100.97295557657877,189.350006
2018-01-24,100.84169,100.96045837402343,186.550003
2018-01-25,100.8624,100.95286483764649,187.479996
2018-01-26,100.90842,100.9538818359375,190.0
2018-01-29,100.838684,100.95265223185221,185.979996
2018-01-30,100.820465,100.9482177734375,187.119995
2018-01-31,101.01322,100.95757319132487,186.889999
2018-02-01,101.19319,100.96699040730795,193.089996
2018-02-02,101.059845,100.96656697591146,190.279999
2018-02-05,100.8933,100.96254959106446,181.259995
2018-02-06,101.4435,100.97902552286784,185.309998
2018-02-07,100.850815,100.97340545654296,180.179993
2018-02-08,101.136826,100.97348912556966,171.580002
2018-02-09,100.82608,100.96319936116537,176.110001
2018-02-12,100.840004,100.9587895711263,176.410004
2018-02-13,101.20924,100.95982106526692,173.149994
2018-02-14,100.86415,100.96108474731446,179.520004
2018-02-15,100.816216,100.96064275105795,179.96000700000005
2018-02-16,100.888054,100.95189844767252,177.360001
2018-02-20,100.8425,100.9481330871582,176.009995
2018-02-21,100.80647,100.94572448730469,177.910004
2018-02-22,100.94132,100.94707768758138,178.990005
2018-02-23,100.894295,100.9458994547526,183.289993
2018-02-26,100.92734,100.94536641438802,184.929993
2018-02-27,101.02821,100.93822580973307,181.460007
2018-02-28,100.83883,100.93948415120443,178.320007
2018-03-01,100.77523,100.927161916097,175.940002
2018-03-02,100.831535,100.92795766194662,176.619995
2018-03-05,100.9476,100.93028055826822,180.399994
2018-03-06,101.28672,100.94169921875,179.779999
2018-03-07,100.92885,100.94516677856446,183.710007
2018-03-08,101.03972,100.95176773071289,182.339996
2018-03-09,100.87892,100.95231857299805,185.229996
2018-03-12,100.87565,100.95122629801432,184.759995
2018-03-13,100.870125,100.95227432250977,181.880005
2018-03-14,100.85206,100.95332743326823,184.190002
2018-03-15,100.88508,100.94905598958333,183.860001
2018-03-16,100.85431,100.93775990804036,185.089996
2018-03-19,101.36242,100.94784571329753,172.559998
2018-03-20,101.7523,100.9764788309733,168.149994
2018-03-21,101.976326,100.9942398071289,169.389999
2018-03-22,101.12084,101.00324071248373,164.889999
2018-03-23,101.062675,101.00076904296876,159.389999
2018-03-26,101.75732,101.03181025187175,160.059998
2018-03-27,101.13458,101.04162953694662,152.220001
2018-03-28,100.90244,101.03140284220378,153.029999
2018-03-29,100.964935,101.03476231892904,159.78999299999995
2018-04-02,101.020966,101.04158732096354,155.389999
2018-04-03,100.937256,101.04322738647461,156.110001
2018-04-04,100.742165,101.03988291422526,155.100006
2018-04-05,100.76997,101.03866628011068,159.339996
2018-04-06,100.84208,101.03535817464193,157.199997
2018-04-09,100.767456,101.03113021850587,157.929993
2018-04-10,101.01147,101.0339345296224,165.03999299999995
2018-04-11,100.92281,101.03042119344076,166.320007
2018-04-12,100.75774,101.02771809895833,163.869995
2018-04-13,100.798416,101.02849095662435,164.520004
2018-04-16,100.84919,101.02907943725586,164.830002
2018-04-17,100.78212,101.02356338500977,168.660004
2018-04-18,101.09842,101.01728668212891,166.360001
2018-04-19,100.970436,101.01867294311523,168.100006
2018-04-20,100.90833,101.01429341634115,166.279999
2018-04-23,100.742256,101.00973790486654,165.839996
2018-04-24,100.67187,101.00294520060221,159.690002
2018-04-25,100.805115,101.00077819824219,159.690002
2018-04-26,101.39135,101.01875457763671,174.160004
2018-04-27,100.81498,101.01641794840495,173.589996
2018-04-30,101.21544,101.02845560709635,172.0
2018-05-01,100.74121,101.00774866739908,173.860001
2018-05-02,100.90006,100.97934087117513,176.070007
2018-05-03,100.87475,100.94262161254883,174.020004
2018-05-04,101.04663,100.94014790852864,176.610001
2018-05-07,100.99599,100.93792495727538,177.970001
2018-05-08,100.84896,100.90764643351237,178.919998
2018-05-09,100.81932,100.89713770548502,182.660004
2018-05-10,100.84101,100.89508997599283,185.529999
2018-05-11,100.89885,100.89288711547852,186.990005
2018-05-14,100.91142,100.88923568725586,186.639999
2018-05-15,100.87238,100.88707326253255,184.320007
2018-05-16,100.865204,100.8911745707194,183.199997
2018-05-17,100.88951,100.89515914916993,183.759995
2018-05-18,101.04382,100.90188395182291,182.679993
2018-05-21,101.108215,100.91324259440104,184.490005
2018-05-22,101.141014,100.91756083170573,183.800003
2018-05-23,100.84839,100.91508000691732,186.899994
2018-05-24,101.00733,100.92339986165365,185.929993
2018-05-25,101.004944,100.93028411865234,184.919998
2018-05-29,100.84291,100.93007481892904,185.740005
2018-05-30,100.899895,100.93400065104167,187.669998
2018-05-31,100.85147,100.92576904296875,191.779999
2018-06-01,100.95747,100.92533696492514,193.990005
2018-06-04,100.942924,100.92649002075196,193.279999
2018-06-05,100.91168,100.93213755289713,192.940002
2018-06-06,100.85621,100.9382822672526,191.339996
2018-06-07,100.90864,100.9417330423991,188.179993
2018-06-08,101.06024,100.93069610595703,189.100006
2018-06-11,100.94317,100.93496907552084,191.539993
2018-06-12,101.01757,100.92837346394857,192.399994
2018-06-13,101.271065,100.94603525797525,192.410004
2018-06-14,100.9372,100.94727325439453,196.809998
2018-06-15,100.96364,100.95023625691732,195.850006
2018-06-18,100.985695,100.94820505777994,198.309998
2018-06-19,100.90012,100.94500961303712,197.490005
2018-06-20,101.16103,100.95541203816732,202.0
2018-06-21,101.01347,100.96188379923503,201.5
2018-06-22,100.98669,100.96673965454102,201.740005
2018-06-25,100.8449,100.96494140625,196.350006
2018-06-26,100.94428,100.96603673299154,199.0
2018-06-27,101.012024,100.97069142659505,195.839996
2018-06-28,100.9358,100.97304458618164,196.229996
2018-06-29,101.03764,100.97798233032226,194.320007
2018-07-02,100.98152,100.97590560913086,197.360001
2018-07-03,101.4886,100.9885851542155,192.729996
2018-07-05,100.97897,100.98318379720052,198.449997
2018-07-06,100.978745,100.98752899169922,203.229996
2018-07-09,101.18329,100.99339421590169,204.740005
2018-07-10,101.07169,100.99561920166016,203.539993
2018-07-11,101.02003,101.00152308146158,202.539993
2018-07-12,101.4629,101.02028986612956,206.919998
2018-07-13,101.17335,101.03101908365885,207.320007
2018-07-16,101.299995,101.04243647257486,207.229996
2018-07-17,101.12005,101.04834060668945,209.990005
2018-07-18,101.09867,101.05457356770833,209.360001
2018-07-19,101.05635,101.06124496459961,208.089996
2018-07-20,101.12632,101.06850102742513,209.940002
2018-07-23,101.16564,101.07201436360677,210.910004
2018-07-24,101.14997,101.0789077758789,214.669998
2018-07-25,101.52224,101.09573008219401,217.5
2018-07-26,103.13759,101.1579475402832,176.259995
2018-07-27,101.69188,101.18310343424479,174.889999
2018-07-30,102.44652,101.23253275553385,171.059998
2018-07-31,101.26889,101.24197260538737,172.580002
2018-08-01,103.3593,101.32394510904948,171.649994
2018-08-02,102.147484,101.35682678222656,176.369995
2018-08-03,100.87778,101.35230356852213,177.779999
2018-08-06,101.059265,101.35472284952799,185.690002
2018-08-07,100.92347,101.35734176635742,183.809998
2018-08-08,100.861374,101.35457814534506,185.179993
2018-08-09,100.88647,101.35039291381835,183.089996
2018-08-10,100.85207,101.34760208129883,180.259995
2018-08-13,100.91309,101.34345041910807,180.050003
2018-08-14,100.909386,101.34104588826497,181.110001
2018-08-15,100.80245,101.31817423502604,179.529999
2018-08-16,100.993385,101.31865463256835,174.699997
2018-08-17,100.902824,101.31612396240234,173.800003
2018-08-20,100.91979,101.30734074910482,172.5
2018-08-21,101.03832,101.30622838338216,172.619995
2018-08-22,101.12225,101.30963592529297,173.639999
2018-08-23,101.17064,101.29989395141601,172.899994
2018-08-24,101.02646,101.29499766031901,174.649994
2018-08-27,100.92118,101.2823705037435,177.46000700000005
2018-08-28,101.06099,101.28040186564128,176.259995
2018-08-29,100.94036,101.27512486775716,175.899994
2018-08-30,100.79944,101.26656112670898,177.639999
2018-08-31,100.910484,101.25936660766601,175.729996
2018-09-04,100.77752,101.24642918904622,171.160004
2018-09-05,100.831604,101.2358169555664,167.179993
2018-09-06,100.86876,101.21403427124024,162.529999
2018-09-07,100.85177,101.1378402709961,163.03999299999995
2018-09-10,100.95051,101.11312789916992,164.179993
2018-09-11,101.11916,101.06888275146484,165.940002
2018-09-12,101.13385,101.0643814086914,162.0
2018-09-13,100.874565,100.9815569559733,161.360001
2018-09-14,100.79155,100.93635915120443,162.320007
2018-09-17,100.83098,100.93479919433594,160.580002
2018-09-18,100.89809,100.92942657470704,160.300003
2018-09-19,100.89845,100.92859268188477,163.059998
2018-09-20,100.88727,100.9294558207194,166.020004
2018-09-21,100.825035,100.9274080912272,162.929993
2018-09-24,100.83025,100.92668075561524,165.410004
2018-09-25,100.70173,100.91963526407878,164.910004
2018-09-26,100.80787,100.91625137329102,166.949997
2018-09-27,100.76228,100.91491241455078,168.839996
2018-09-28,100.75599,100.90699920654296,164.46000700000005
2018-10-01,100.72703,100.90113932291666,162.440002
2018-10-02,100.648415,100.89209340413412,159.330002
2018-10-03,100.773445,100.88326416015624,162.429993
2018-10-04,100.82272,100.87327982584635,158.850006
2018-10-05,100.90774,100.86451644897461,157.330002
2018-10-08,100.8622,100.85904108683268,157.25
2018-10-09,101.03107,100.86270395914714,157.899994
2018-10-10,100.842384,100.85541712443033,151.380005
2018-10-11,100.88775,100.85366338094076,153.350006
2018-10-12,100.76036,100.85236078898112,153.740005
2018-10-15,100.905975,100.85221048990886,153.520004
2018-10-16,100.9126,100.85671310424804,158.779999
2018-10-17,100.88184,100.85838775634765,159.419998
2018-10-18,100.79429,100.85590540568033,154.919998
2018-10-19,100.76678,100.85307235717774,154.050003
2018-10-22,100.88238,100.85080134073893,154.779999
2018-10-23,100.9566,100.84538243611654,154.389999
2018-10-24,100.75238,100.83266677856446,146.03999299999995
2018-10-25,100.81647,100.83073018391927,150.949997
2018-10-26,100.73841,100.82895889282227,145.369995
2018-10-29,100.67097,100.82362518310546,142.089996
2018-10-30,100.7992,100.82032903035481,146.220001
2018-10-31,100.78882,100.81667455037434,151.78999299999995
2018-11-01,100.91481,100.81759262084961,151.75
2018-11-02,100.86298,100.8188575744629,150.350006
2018-11-05,100.79218,100.8175885518392,148.679993
2018-11-06,100.80523,100.82103856404622,149.940002
2018-11-07,100.78713,100.82034734090169,151.529999
2018-11-08,100.9141,100.82540791829427,147.869995
2018-11-09,100.76238,100.82562103271485,144.96000700000005
2018-11-12,100.71361,100.82517369588216,141.550003
2018-11-13,100.7755,100.82940979003907,142.160004
2018-11-14,100.69055,100.82664667765299,144.220001
2018-11-15,100.76507,100.82472483317058,143.850006
2018-11-16,100.722534,100.81855138142903,139.529999
2018-11-19,100.817116,100.81704864501953,131.550003
2018-11-20,100.91216,100.81308517456054,132.429993
2018-11-21,100.67772,100.80759633382162,134.820007
2018-11-23,100.95516,100.80984344482422,131.729996
2018-11-26,100.63215,100.80556971232096,136.380005
2018-11-27,100.68471,100.79819412231446,135.0
2018-11-28,100.555626,100.78629506429037,136.759995
2018-11-29,100.65387,100.77869593302408,138.679993
2018-11-30,100.642166,100.77362518310547,140.610001
2018-12-03,100.70533,100.77157694498698,141.089996
2018-12-04,100.642525,100.76358184814453,137.929993
2018-12-06,100.55666,100.75025075276693,139.630005
2018-12-07,100.666466,100.74738693237305,137.419998
2018-12-10,100.65641,100.74205169677734,141.850006
2018-12-11,100.69263,100.74052556355794,142.080002
2018-12-12,100.67601,100.74069366455078,144.5
2018-12-13,100.746666,100.7389424641927,145.009995
2018-12-14,100.697754,100.73590698242188,144.059998
2018-12-17,100.631996,100.7264798482259,140.190002
2018-12-18,100.658035,100.71964823404947,143.660004
2018-12-19,100.70868,100.71686477661133,133.240005
2018-12-20,100.618645,100.71064529418945,133.399994
2018-12-21,100.74998,100.70940678914388,124.949997
2018-12-24,100.652596,100.70068995157878,124.059998
2018-12-26,101.026375,100.70948969523111,134.179993
2018-12-27,100.76059,100.71105575561523,134.520004
2018-12-28,100.77445,100.71102091471354,133.199997
2018-12-31,100.61503,100.70850346883138,131.089996
2019-01-02,100.61844,100.70361582438152,135.679993
2019-01-03,100.66175,100.70158971150717,131.740005
2019-01-04,100.53121,100.69205958048502,137.949997
2019-01-07,100.65244,100.68340225219727,138.050003
2019-01-08,100.64946,100.68246027628581,142.529999
2019-01-09,100.761314,100.67599868774414,144.229996
2019-01-10,100.782326,100.68100458780924,144.199997
2019-01-11,100.79917,100.68482004801432,143.800003
2019-01-14,100.68306,100.68906784057617,145.389999
2019-01-15,100.68762,100.69019292195638,148.949997
2019-01-16,100.85913,100.6974250793457,147.53999299999995
2019-01-17,100.80459,100.70073369344075,148.300003
2019-01-18,100.61563,100.69983723958333,150.03999299999995
2019-01-22,100.6972,100.70452168782552,147.570007
